statnm,linenm,minutes,lng,lat,within30,within60
판교,경강선,0.0,127.11144319589552,37.39478218191577,1,1
성남,경강선,2.0,127.11939278676086,37.39474732415628,1,1
정자,신분당선,3.3,127.10853330157944,37.36731490403886,1,1
이매,경강선,4.0,127.12731612795025,37.394712048440546,1,1
미금,신분당선,6.0,127.10882039582211,37.350043730204725,1,1
청계산입구,신분당선,6.5,127.05481605824002,37.448208355455385,1,1
동천,신분당선,8.6,127.10282103853412,37.33792959003132,1,1
삼동,경강선,9.0,127.20342545155974,37.408720901714815,1,1
양재시민의숲,신분당선,9.6,127.03847630891948,37.470130796153555,1,1
서현,분당선,11.3,127.12345491196909,37.38502792700807,1,1
수지구청,신분당선,11.5,127.09476727916179,37.32255214257053,1,1
양재,신분당선,11.7,127.03491881007974,37.483707202554456,1,1
야탑,분당선,12.0,127.12868520179039,37.41180416352642,1,1
수내,분당선,12.3,127.11435203198641,37.37845478546335,1,1
강남,신분당선,13.9,127.02829567320644,37.49661485108958,1,1
경기광주,경강선,14.0,127.25322304647938,37.39897470821774,1,1
성복,신분당선,14.0,127.08034168829445,37.31342955195196,1,1
오리,분당선,14.3,127.1089653267135,37.33986223006651,1,1
모란,분당선,15.0,127.12906689217004,37.432299307382586,1,1
신논현,신분당선,15.3,127.0246034538366,37.50426117404449,1,1
수서,GTX_A,15.8,127.10246845537694,37.486392416412166,1,1
구성,GTX_A,16.2,127.10447748156407,37.299246907412225,1,1
논현,신분당선,16.6,127.02148163870044,37.5107948116954,1,1
태평,분당선,17.0,127.12780338697468,37.4397579701397,1,1
상현,신분당선,17.1,127.06933533255231,37.29774945722412,1,1
죽전,분당선,17.6,127.10756652082293,37.32470333266271,1,1
신사,신분당선,17.8,127.01938995736657,37.51660518723846,1,1
초월,경강선,18.0,127.29988324527159,37.37339127196922,1,1
가천대,분당선,19.0,127.12669116703219,37.44886491716168,1,1
남부터미널,서울3호선,20.2,127.01630214150559,37.48500070905941,1,1
매봉,서울3호선,20.2,127.04677618667323,37.48696948538969,1,1
광교중앙,신분당선,20.3,127.05164498562326,37.2884501592719,1,1
보정,분당선,20.6,127.10834005272706,37.31279826193464,1,1
복정,분당선,22.0,127.12655548436801,37.47088919380632,1,1
역삼,서울2호선,22.2,127.03636840669158,37.50063961417192,1,1
교대,서울3호선,22.2,127.0138279671102,37.49296656096792,1,1
도곡,서울3호선,22.2,127.0555675006598,37.491048742482185,1,1
동탄,GTX_A,22.3,127.0962534758153,37.200156519373536,1,1
수진,서울8호선,22.5,127.14085740225366,37.43749374732599,1,1
곤지암,경강선,23.0,127.34625353575343,37.35053613625162,1,1
반포,서울7호선,23.6,127.01147731905735,37.50812717016541,1,1
대치,서울3호선,23.7,127.06288260206013,37.49438321809049,1,1
광교,신분당선,23.9,127.04436155242843,37.302062058277194,1,1
학동,서울7호선,23.9,127.03181201807583,37.51434017199306,1,1
신흥,서울8호선,24.0,127.14760299428023,37.440910752121255,1,1
선릉,서울2호선,24.7,127.04884944742885,37.50447516204327,1,1
서초,서울2호선,24.7,127.00770165990147,37.491811823574814,1,1
고속터미널,서울3호선,24.7,127.00493444785855,37.50486906037078,1,1
학여울,서울3호선,25.2,127.07121516297254,37.49685981421995,1,1
신갈,분당선,25.3,127.1113292802862,37.28614017206379,1,1
사평,서울9호선,25.3,127.0151631744664,37.50422483239932,1,1
단대오거리,서울8호선,25.5,127.15672440797955,37.44508841834457,1,1
강남구청,서울7호선,25.6,127.0410971937261,37.5171658604025,1,1
언주,서울9호선,25.7,127.03388761609956,37.50732567260436,1,1
삼성,서울2호선,26.7,127.06313210133392,37.508915301152705,1,1
잠원,서울3호선,26.7,127.0115777959725,37.51297848809268,1,1
남한산성입구,서울8호선,27.2,127.16003270270654,37.45203498104027,1,1
방배,서울2호선,27.2,126.99759853941437,37.48147207698431,1,1
선정릉,서울9호선급행,27.2,127.0440542026834,37.51050736146603,1,1
대청,서울3호선,27.2,127.07965438746068,37.49351094157151,1,1
압구정,서울3호선,27.3,127.02849480804664,37.52683240163011,1,1
일원,서울3호선,27.4,127.08425610480239,37.483892375613635,1,1
가락시장,서울3호선,27.4,127.11769949685181,37.49224072819765,1,1
청담,서울7호선,27.6,127.05357716068204,37.519428891240395,1,1
기흥,분당선,27.8,127.11596117176872,37.27548895165585,1,1
신둔도예촌,경강선,28.0,127.40524573211431,37.315605515371374,1,1
장지,서울8호선,28.3,127.12621866852548,37.47858602461259,1,1
남위례,서울8호선,28.5,127.13969234334893,37.46249121266242,1,1
종합운동장,서울2호선,28.7,127.0738741898419,37.51114024667451,1,1
내방,서울7호선,28.8,126.99366333702754,37.48767847349902,1,1
경찰병원,서울3호선,28.9,127.12438262870327,37.49583762756161,1,1
구룡,분당선,29.1,127.05959630216212,37.48702793012337,1,1
한티,분당선,29.2,127.05289869433383,37.496292233946704,1,1
신반포,서울9호선,29.4,126.99611730898998,37.50349234382109,1,1
삼성중앙,서울9호선,29.6,127.05332657895441,37.51303446510631,1,1
동작,서울9호선급행,29.7,126.97859082781919,37.502936332057935,1,1
옥수,서울3호선,29.8,127.01734970783959,37.541646501646156,1,1
산성,서울8호선,29.8,127.1499895659972,37.45687166092399,1,1
문정,서울8호선,29.8,127.12239054688452,37.485999588505464,1,1
대모산입구,분당선,29.9,127.07272520536556,37.49139885544521,1,1
봉은사,서울9호선급행,30.1,127.0601734237017,37.514427257649025,0,1
상갈,분당선,30.1,127.1087702594018,37.26180717695745,0,1
사당,서울2호선,30.2,126.98145992891385,37.47655688046076,0,1
오금,서울3호선,30.4,127.12842533949964,37.50230020627933,0,1
뚝섬유원지,서울7호선,30.6,127.06669338787944,37.53153233958963,0,1
잠실새내,서울2호선,30.7,127.08578361601805,37.51162337532623,0,1
개포동,분당선,30.9,127.06603356695186,37.48909188383677,0,1
이수,서울7호선,30.9,126.98159125571313,37.48525347981365,0,1
구반포,서울9호선,31.1,126.98746198997472,37.50147537502471,0,1
금호,서울3호선,31.3,127.01581679193747,37.54824925934082,0,1
건대입구,서울7호선,32.4,127.07104527435243,37.540787120208606,0,1
잠실,서울2호선,32.7,127.10041380810402,37.5133366015627,0,1
남성,서울7호선,32.8,126.97063352333238,37.48486445621787,0,1
약수,서울3호선,32.8,127.01098427642751,37.55439350786292,0,1
송파,서울8호선,33.2,127.11245977050264,37.499453281817736,0,1
낙성대,서울2호선,33.2,126.9633714730419,37.477128579538125,0,1
청명,분당선,33.5,127.0789575841608,37.25947839664072,0,1
이천,경강선,34.0,127.44219049160138,37.264282030974286,0,1
노량진,서울9호선급행,34.1,126.94090950679447,37.51374810573692,0,1
동대입구,서울3호선,34.3,127.00581884359067,37.55909036634736,0,1
어린이대공원,서울7호선,34.4,127.07460765080978,37.54797651986144,0,1
잠실나루,서울2호선,34.7,127.10378518773567,37.52071866422928,0,1
석촌,서울8호선,34.8,127.1072024211311,37.505234569854736,0,1
강남대,용인경전철,35.0,127.12604715514982,37.27014813638295,0,1
압구정로데오,분당선,35.1,127.04055846245011,37.52734337097982,0,1
서울대입구,서울2호선,35.2,126.9527461218336,37.48126938801276,0,1
영통,분당선,35.3,127.07127163637459,37.251448264152614,0,1
숭실대입구,서울7호선,35.8,126.95386677948132,37.496018811223465,0,1
흑석,서울9호선,35.8,126.96348987575094,37.5091650981065,0,1
군자,서울7호선,36.2,127.07940313207344,37.557012386873,0,1
충무로,서울3호선,36.3,126.9941079964346,37.56139947047944,0,1
삼전,서울9호선,36.5,127.08708656620719,37.504639986996615,0,1
개롱,서울5호선,36.7,127.13507764191463,37.49793804469948,0,1
방이,서울5호선,36.7,127.12602968587761,37.50863811844353,0,1
봉천,서울2호선,36.7,126.94183169338719,37.482419659917305,0,1
지석,용인경전철,36.8,127.13663911569527,37.269748151901375,0,1
서울숲,분당선,36.9,127.04468169688805,37.54360242963025,0,1
강변,서울2호선,37.2,127.0947560262475,37.5352127586193,0,1
남태령,서울4호선,37.2,126.98907757220772,37.46430177367908,0,1
여의도,서울9호선급행,37.4,126.92455402440211,37.52158959075807,0,1
상도,서울7호선,37.4,126.94787542522896,37.50291164320335,0,1
을지로3가,서울3호선,37.8,126.99259461491604,37.56662272166245,0,1
망포,분당선,37.8,127.0573640058352,37.245814814998205,0,1
노들,서울9호선,37.8,126.9531088296662,37.512698660837316,0,1
부발,경강선,38.0,127.49035843730856,37.26030423134139,0,1
중곡,서울7호선,38.2,127.08437025699817,37.56605296105017,0,1
어정,용인경전철,38.3,127.1437690636977,37.27496736479221,0,1
올림픽공원,서울5호선,38.5,127.13097639480684,37.51635736455057,0,1
거여,서울5호선,38.5,127.14376760607396,37.49333293435531,0,1
석촌고분,서울9호선,38.6,127.09697063884457,37.50248404349023,0,1
신림,서울2호선,38.7,126.9296473680417,37.48426475767833,0,1
구의,서울2호선,38.7,127.0862247417597,37.53715481665681,0,1
몽촌토성,서울8호선,39.0,127.11286618903804,37.51782512393169,0,1
성수,서울2호선,39.1,127.05638072816848,37.54448421832996,0,1
종로3가,서울3호선,39.3,126.99182698976216,37.5716687202438,0,1
장승배기,서울7호선,39.4,126.93935718612674,37.505069033513884,0,1
버티고개,서울6호선,39.8,127.00691104815432,37.54790967736629,0,1
이촌,서울4호선,40.0,126.97437769380483,37.52241216709484,0,1
용마산,서울7호선,40.1,127.08684287860366,37.573766288916445,0,1
청구,서울6호선,40.1,127.01384244854054,37.56041608611719,0,1
매탄권선,분당선,40.1,127.04086144000519,37.25242918530788,0,1
선바위,서울4호선,40.2,127.00203740744016,37.45196671145504,0,1
왕십리,분당선,40.2,127.03858040056605,37.56196040259133,0,1
동백,용인경전철,40.3,127.15271134830141,37.269129410829464,0,1
마천,서울5호선,40.5,127.15282678886047,37.49499704089626,0,1
뚝섬,서울2호선,40.6,127.04703599105132,37.5473444530958,0,1
둔촌동,서울5호선,40.7,127.13621508958978,37.52766277122959,0,1
대방,서울1호선,41.0,126.92623406710486,37.5133483698036,0,1
당산,서울9호선급행,41.0,126.902466324419,37.53384922383786,0,1
샛강,서울9호선,41.0,126.92857047968481,37.517293054991526,0,1
신대방,서울2호선,41.2,126.91364670737559,37.48771506988466,0,1
안국,서울3호선,41.3,126.98533293693089,37.576442750720375,0,1
강동구청,서울8호선,41.5,127.1205230881743,37.53041250323172,0,1
사가정,서울7호선,41.6,127.08850714914591,37.58097211223812,0,1
한강진,서울6호선,41.6,127.00176196884566,37.53967214815189,0,1
신대방삼거리,서울7호선,41.8,126.92827053743333,37.49973006158815,0,1
신당,서울6호선,41.9,127.01613939171753,37.56613394327701,0,1
용산,서울1호선,42.0,126.96432105098854,37.52960468897794,0,1
초당,용인경전철,42.1,127.15947848591688,37.26081086407165,0,1
경마공원,서울4호선,42.2,127.00794132540386,37.44391524695267,0,1
응봉,경의중앙선,42.3,127.03465062663128,37.5501726486635,0,1
한남,경의중앙선,42.3,127.00930523910256,37.529487486397066,0,1
명동,서울4호선,42.4,126.98574103082794,37.56088522014015,0,1
신길,서울1호선,42.5,126.91817592758282,37.51689070819467,0,1
송파나루,서울9호선,42.5,127.11222006447059,37.51030427208916,0,1
신용산,서울4호선,42.5,126.96789823329631,37.529231386392546,0,1
한양대,서울2호선,42.6,127.04362373849646,37.55548547037737,0,1
강동,서울5호선,43.0,127.13241463712437,37.53588915403585,0,1
수원시청,분당선,43.1,127.03073907903122,37.261944303981316,0,1
구로디지털단지,서울2호선,43.2,126.90134510068359,37.4853026389804,0,1
면목,서울7호선,43.2,127.08749999489152,37.5887397099918,0,1
경복궁,서울3호선,43.3,126.97351447221486,37.57580958905711,0,1
천호,서울8호선,43.3,127.12322157745128,37.538017360102174,0,1
보라매,서울7호선,43.4,126.92034734244736,37.4999176165529,0,1
동대문역사문화공원,서울4호선,43.4,127.00788803473623,37.56506741473066,0,1
동묘앞,서울6호선,43.4,127.01570276450394,37.572132307753456,0,1
아차산,서울5호선,43.6,127.08969907636653,37.55192170514021,0,1
장한평,서울5호선,43.6,127.06358974503318,37.56159912471764,0,1
이태원,서울6호선,43.6,126.99428965640911,37.53450039805834,0,1
여의나루,서울5호선,43.7,126.9329458250847,37.52707871139832,0,1
회현,서울4호선,43.9,126.9787618992552,37.55902192175472,0,1
국회의사당,서울9호선,44.0,126.91744560355306,37.52849815032641,0,1
삼각지,서울4호선,44.0,126.97289696351694,37.53441317709764,0,1
대공원,서울4호선,44.2,127.00653686551743,37.43572575371737,0,1
을지로입구,서울2호선,44.3,126.98220699926492,37.56602408391536,0,1
을지로4가,서울2호선,44.3,126.99764984161506,37.566626674163885,0,1
남영,서울1호선,44.5,126.97132962571818,37.54059055609324,0,1
한성백제,서울9호선,44.6,127.11527498699265,37.51526192266898,0,1
중앙보훈병원,서울9호선급행,44.7,127.14826627604758,37.528665428902215,0,1
상봉,서울7호선,44.9,127.08571314404865,37.595737139295096,0,1
동대문,서울4호선,44.9,127.00933705565537,37.57083797907694,0,1
영등포,서울1호선,45.0,126.90744561446621,37.515659232420234,0,1
세종대왕릉,경강선,45.0,127.57050292506307,37.29366739046331,0,1
녹사평,서울6호선,45.1,126.98646417389271,37.53472691082226,0,1
길동,서울5호선,45.2,127.14004175872209,37.53789287459892,0,1
대림,서울2호선,45.2,126.89491262980711,37.493413730516004,0,1
염창,서울9호선급행,45.2,126.8749622945185,37.54716168877678,0,1
신풍,서울7호선,45.2,126.90977223355294,37.50012633786362,0,1
서빙고,경의중앙선,45.3,126.98839897917318,37.51958109244649,0,1
창신,서울6호선,45.3,127.01529141982512,37.57948029984715,0,1
매교,분당선,45.5,127.01568721056431,37.26551025848763,0,1
당곡,신림선,45.6,126.92763562815304,37.490118580503605,0,1
암사,서울8호선,45.7,127.12752631532125,37.55013385216643,0,1
영등포시장,서울5호선,45.7,126.90511351400251,37.52269057657752,0,1
청량리,분당선,45.8,127.04875972294188,37.58054846319079,0,1
답십리,서울5호선,45.8,127.05259116240943,37.56695084975485,0,1
광나루,서울5호선,45.8,127.10363624600873,37.545260871802135,0,1
독립문,서울3호선,45.8,126.9579896188348,37.57428893805548,0,1
종로5가,서울1호선,45.8,127.00191050851747,37.57100470619648,0,1
종각,서울1호선,45.8,126.982955850426,37.57016455650105,0,1
서울역,서울4호선,45.9,126.9725798587494,37.552889041018354,0,1
서원,신림선,46.0,126.93305769351016,37.478223766866854,0,1
마포,서울5호선,46.0,126.94591379139105,37.53960844051463,0,1
숙대입구,서울4호선,46.0,126.97200212574523,37.545112610214495,0,1
용답,서울2호선,46.1,127.05086030254466,37.56227214988865,0,1
상왕십리,서울2호선,46.1,127.02933321473817,37.564390820548745,0,1
과천,서울4호선,46.2,126.99674146651338,37.43291738178273,0,1
시청,서울2호선,46.3,126.97576278093857,37.56376249397046,0,1
삼가,용인경전철,46.4,127.16813899810472,37.24212225387447,0,1
신금호,서울5호선,46.8,127.02045619314652,37.55448097674334,0,1
보문,서울6호선,46.8,127.01968773941685,37.58544175366165,0,1
굽은다리,서울5호선,46.9,127.14284079165738,37.545432498032284,0,1
보라매병원,신림선,47.0,126.92346980974537,37.492975380760655,0,1
광화문,서울5호선,47.1,126.9762752206268,37.5716380935469,0,1
둔촌오륜,서울9호선,47.1,127.13951062486167,37.518923227645246,0,1
중화,서울7호선,47.2,127.07936125009704,37.602285109902006,0,1
혜화,서울4호선,47.4,127.00191835595663,37.58212081591027,0,1
신도림,서울1호선,47.5,126.89142171185813,37.508943699597765,0,1
수원,분당선,47.5,127.00059566971223,37.266442680041386,0,1
영등포구청,서울5호선,47.5,126.89540693655124,37.52419188727966,0,1
서울지방병무청,신림선,47.7,126.92279671048001,37.50619800611216,0,1
공덕,서울5호선,47.7,126.9515833956623,37.54470897326544,0,1
마장,서울5호선,47.8,127.04302768358835,37.5661764289573,0,1
무악재,서울3호선,47.8,126.95021687156621,37.582615528017996,0,1
선유도,서울9호선,47.8,126.89345483013855,37.53804675795846,0,1
암사역사공원,서울8호선,48.0,127.1383368701046,37.55730179167237,0,1
신답,서울2호선,48.1,127.04706944994531,37.56984395489578,0,1
시청_용인대,용인경전철,48.1,127.1788868118724,37.239439764606566,0,1
서울대벤처타운,신림선,48.2,126.93366597352362,37.47230261081729,0,1
정부과천청사,서울4호선,48.2,126.98989918923233,37.42649426149006,0,1
행당,서울5호선,48.2,127.02949243020419,37.557350356449874,0,1
충정로,서울2호선,48.3,126.96455152782553,37.55978849820035,0,1
보라매공원,신림선,48.4,126.91835147318744,37.49484403914921,0,1
안암,서울6호선,48.4,127.02929395773253,37.5863062738596,0,1
명일,서울5호선,48.5,127.1440279234917,37.551293131001216,0,1
합정,서울2호선,48.9,126.91445817881906,37.54996227477751,0,1
가양,서울9호선급행,49.0,126.8544312699492,37.56163536897295,0,1
양평_5호선,서울5호선,49.0,126.88648056471557,37.52556503730169,0,1
먹골,서울7호선,49.1,127.07778617847123,37.610485250024645,0,1
서대문,서울5호선,49.1,126.96661225423095,37.565725362966354,0,1
효창공원앞,서울6호선,49.3,126.96134445964933,37.539278690543526,0,1
문래,서울2호선,49.4,126.8948748555422,37.518260755852666,0,1
한성대입구,서울4호선,49.4,127.00617856974323,37.58849271957477,0,1
구로,서울1호선,49.5,126.88231503887692,37.50335353704898,0,1
애오개,서울5호선,49.7,126.9566727086522,37.55341644480951,0,1
남구로,서울7호선,49.8,126.88749291679697,37.48637678986405,0,1
신설동,서울1호선,49.8,127.02450627352647,37.57600288625438,0,1
홍제,서울3호선,49.8,126.94406885541066,37.588796505512455,0,1
마장시장,동북선,49.8,127.03765703005345,37.57016697054961,0,1
명지대,용인경전철,49.9,127.19027904709888,37.238080811511885,0,1
신목동,서울9호선,49.9,126.88298686255312,37.54446978416588,0,1
여주,경강선,50.0,127.62840594382149,37.28283791250945,0,1
용두,서울2호선,50.1,127.03813603839771,37.57410031842874,0,1
고려대,서울6호선,50.1,127.0362946303764,37.590429246888824,0,1
아현,서울2호선,50.3,126.95620551114132,37.55735678864767,0,1
관악산,신림선,50.5,126.94549473876646,37.468971799089914,0,1
고덕,서울5호선,50.7,127.15418692922734,37.555035683940886,0,1
태릉입구,서울7호선,50.8,127.07534622117456,37.61854871377953,0,1
홍대입구,서울2호선,50.9,126.92388306336497,37.55690592242897,0,1
오목교,서울5호선,50.9,126.8753826483211,37.52451070152889,0,1
회기,경의중앙선,51.3,127.05817690680095,37.58969117643179,0,1
고색,수인선,51.3,126.98080027365933,37.249903391786866,0,1
성신여대입구,서울4호선,51.4,127.01697872535821,37.59292658855122,0,1
김량장,용인경전철,51.6,127.19868094829054,37.23730208644377,0,1
가산디지털단지,서울7호선,51.6,126.88248763702191,37.48040253605493,0,1
인덕원,서울4호선,51.7,126.9766831289701,37.40152443189371,0,1
제기동,동북선,51.7,127.03836834642267,37.57840510699093,0,1
이대,서울2호선,51.8,126.94590072885495,37.556748942205715,0,1
등촌,서울9호선,51.8,126.86550156090728,37.55075581457467,0,1
공릉,서울7호선,52.2,127.07301575099794,37.625608525398,0,1
녹번,서울3호선,52.3,126.93586815232014,37.60076080621573,0,1
월곡,서울6호선,52.3,127.04131336263657,37.601619462924056,0,1
구일,서울1호선,52.5,126.86981693840855,37.496242911793544,0,1
목동,서울5호선,52.7,126.86443578150646,37.526155260627085,0,1
상일동,서울5호선,52.9,127.16566050187811,37.55664771393591,0,1
마곡나루,서울9호선급행,53.0,126.82733494276691,37.566874886870906,0,1
대흥,서울6호선,53.1,126.94246069813816,37.54764706476496,0,1
운동장_송담대,용인경전철,53.1,127.20904623986837,37.23790104663041,0,1
신촌,서울2호선,53.3,126.93680339463694,37.555191688674775,0,1
장자호수공원,서울8호선,53.3,127.13794890715565,37.58767364990827,0,1
도림천,서울2호선,53.5,126.88264545062373,37.514487452876146,0,1
증미,서울9호선,53.8,126.86067178777202,37.558090125876944,0,1
오목천,수인선,53.9,126.96353008424018,37.2431000443475,0,1
길음,서울4호선,53.9,127.02515133072453,37.603424972807424,0,1
상월곡,서울6호선,53.9,127.04911570153688,37.60669614229234,0,1
철산,서울7호선,54.1,126.86799912370765,37.47612095481767,0,1
평촌,서울4호선,54.2,126.96363713357556,37.39420295110889,0,1
신정,서울5호선,54.2,126.85620191335539,37.52504354734238,0,1
하계,서울7호선,54.2,127.0680023133773,37.636465980935455,0,1
중랑,경의중앙선,54.3,127.07606632960596,37.59489448479159,0,1
불광,서울3호선,54.3,126.93035703948473,37.60997490765768,0,1
개봉,서울1호선,54.5,126.8586082355438,37.49469923953538,0,1
강일,서울5호선,54.5,127.17572136499601,37.557462846209035,0,1
고진,용인경전철,54.7,127.21418605747778,37.24465069542098,0,1
광흥창,서울6호선,55.1,126.93194527061114,37.547438145098894,0,1
정릉,우이신설경전철,55.4,127.01354292180284,37.60258107059848,0,1
돌곶이,서울6호선,55.4,127.05645378899537,37.610556027995244,0,1
화서,서울1호선,55.5,126.98959928767621,37.28397119370198,0,1
중계,서울7호선,55.9,127.06396503011925,37.645439969795156,0,1
구리,서울8호선,56.1,127.14101552908181,37.601654562313826,0,1
범계,서울4호선,56.2,126.95070808487887,37.389767760473866,0,1
연신내,서울3호선,56.3,126.92109402636089,37.61928094369407,0,1
양천향교,서울9호선,56.3,126.8420157775171,37.56805245046624,0,1
까치산,서울5호선,56.4,126.84651361784616,37.53210052233123,0,1
상수,서울6호선,56.4,126.92248528569012,37.54774106782856,0,1
망원,서울6호선,56.4,126.91026666775417,37.55586324966307,0,1
광명사거리,서울7호선,56.4,126.85492120632496,37.47923673038737,0,1
망우,경의중앙선,56.4,127.09232878145163,37.59927646084408,0,1
외대앞,서울1호선,56.4,127.06375491007906,37.59657323790454,0,1
미아사거리,서울4호선,56.4,127.03014528792202,37.61330680765331,0,1
세류,서울1호선,56.5,127.01384796955523,37.24376319925443,0,1
양천구청,서울2호선,56.5,126.86591341861687,37.512451192515734,0,1
김포공항,서울9호선급행,57.0,126.80185933329786,37.56215435260769,0,1
오류동,서울1호선,57.0,126.84479949873905,37.49446122525611,0,1
미사,서울5호선,57.3,127.19248513781459,37.56301637764626,0,1
서강대,경의중앙선,57.3,126.93523354466528,37.55233183205827,0,1
석계,서울6호선,57.4,127.06619366992827,37.61503616885079,0,1
독산,서울1호선,57.5,126.88943370369373,37.466051972080976,0,1
보평,용인경전철,57.6,127.21849922235091,37.258959448008945,0,1
북한산보국문,우이신설경전철,57.7,127.0082013037159,37.61214082533004,0,1
노원,서울7호선,57.8,127.0605472338607,37.65455907475965,0,1
화랑대,서울6호선,57.9,127.0837918934522,37.61985113066094,0,1
신이문,서울1호선,57.9,127.06746352546598,37.60198063407909,0,1
화곡,서울5호선,58.2,126.8404140019446,37.54165781085848,0,1
마포구청,서울6호선,58.2,126.90330689680026,37.56363639749388,0,1
동구릉,서울8호선,58.2,127.13794969798045,37.61238759691262,0,1
천왕,서울7호선,58.8,126.83867517110163,37.486739329577425,0,1
구파발,서울3호선,58.8,126.91881730019298,37.63639757222915,0,1
미아,서울4호선,58.9,127.02618198046385,37.62636094653018,0,1
성균관대,서울1호선,59.0,126.97111617206218,37.30031469646502,0,1
신정네거리,서울2호선,59.0,126.85291351093805,37.520192023600785,0,1
둔전,용인경전철,59.3,127.21361954461665,37.26720607366618,0,1
양원,경의중앙선,59.4,127.10814764606555,37.606641053033485,0,1
금천구청,서울1호선,59.5,126.89363501880827,37.45612399557803,0,1
금정,서울4호선,59.7,126.9433540751319,37.37265770582086,0,1
마들,서울7호선,59.8,127.05760212496052,37.66541488039195,0,1
봉화산,서울6호선,59.8,127.09175060927113,37.61714681111189,0,1
신방화,서울9호선,59.8,126.81694853560049,37.567544508753876,0,1
월드컵경기장,서울6호선,59.9,126.89906444681453,37.569592247612064,0,1
온수,서울1호선,60.0,126.82389330619179,37.49244945064322,0,1
우장산,서울5호선,60.0,126.8363169327808,37.548747315039726,0,0
솔샘,우이신설경전철,60.3,127.0135610234414,37.620254464153064,0,0
하남풍산,서울5호선,60.5,127.20450605959346,37.55284549861083,0,0
병점,서울1호선,60.5,127.0331172765132,37.20719993771235,0,0
어천,수인선,60.5,126.9088706558487,37.250065721284265,0,0
수유,서울4호선,60.9,127.02571600748051,37.638098719930184,0,0
가좌,경의중앙선,61.3,126.91482473163855,37.568868297150466,0,0
서울시립과학관,동북선,61.4,127.07541392286679,37.63873933878493,0,0
월계,동북선,61.5,127.06101934969882,37.63148268624763,0,0
역촌,서울6호선,61.6,126.92290682752925,37.60628390892164,0,0
신내,서울6호선,61.7,127.10225677447028,37.61324135023202,0,0
디지털미디어시티,서울6호선,61.9,126.90129073921773,37.57604372561953,0,0
발산,서울5호선,61.9,126.83768193704763,37.55872896885388,0,0
역곡,서울1호선,62.0,126.81199512929619,37.485287986503074,0,0
공항시장,서울9호선,62.0,126.81062954435907,37.56372104289702,0,0
독바위,서울6호선,62.1,126.93305609503038,37.61838482264798,0,0
삼양사거리,우이신설경전철,62.2,127.02052830871898,37.62127586934903,0,0
수락산,서울7호선,62.2,127.05534709762767,37.67823543122186,0,0
지축,서울3호선,62.3,126.91391974545675,37.64812027107421,0,0
의왕,서울1호선,62.5,126.94808384267559,37.320310194975306,0,0
석수,서울1호선,62.5,126.90230098498377,37.43525797638321,0,0
하남시청,서울5호선,62.9,127.20652446576999,37.54187520306419,0,0
응암,서울6호선,63.3,126.91550893271139,37.59838760929528,0,0
광운대,서울1호선,63.4,127.06174689099623,37.623729816733,0,0
쌍문,서울4호선,63.4,127.03462769808984,37.64838115853124,0,0
종암사거리,동북선,63.4,127.03238414828616,37.60286004773038,0,0
전대_에버랜드,용인경전철,63.7,127.21950054207815,37.28541788165613,0,0
증산,서울6호선,63.7,126.90953013634258,37.583775585482485,0,0
장위,동북선,63.7,127.03758283501755,37.61296613146705,0,0
삼양,우이신설경전철,63.8,127.01815714096305,37.626858057683194,0,0
우이천,동북선,63.8,127.05032431192842,37.62463275991327,0,0
마곡,서울5호선,63.9,126.82467499758694,37.560185123153246,0,0
세마,서울1호선,64.0,127.04348745015096,37.18717178773829,0,0
은행사거리,동북선,64.0,127.07673840671522,37.650679933927016,0,0
구산,서울6호선,64.1,126.91731396392704,37.61125772628649,0,0
산본,서울4호선,64.2,126.93311673818776,37.358075048460954,0,0
광명,서울1호선,64.5,126.8853967036718,37.417778311205396,0,0
야목,수인선,64.5,126.88382360982709,37.261360434800835,0,0
소사,서울1호선,64.5,126.79573551872575,37.482806510437655,0,0
개화산,서울5호선,64.5,126.80679309089922,37.572527592108514,0,0
까치울,서울7호선,64.6,126.81119913841704,37.506232901186856,0,0
송정,서울5호선,64.8,126.81236580684394,37.561170388769554,0,0
새절,서울6호선,64.9,126.91358993350879,37.59083692979173,0,0
관악,서울1호선,65.0,126.90851780967427,37.41954901729251,0,0
도봉산,서울7호선,65.1,127.04639098634294,37.68959877628606,0,0
삼송,서울3호선,65.3,126.89549454506391,37.653152567101166,0,0
종암,동북선,65.3,127.03565087628155,37.59559310723145,0,0
수색,경의중앙선,65.3,126.89548394903996,37.580959550149295,0,0
서동탄,서울1호선,65.5,127.0519099950957,37.195635055757435,0,0
노원자동차운전학원,동북선,65.5,127.07814746360896,37.656175149848046,0,0
북서울꿈의숲,동북선,65.5,127.04473016379455,37.61956093428199,0,0
화계,우이신설경전철,65.5,127.01749721846427,37.634033034809526,0,0
하남검단산,서울5호선,65.5,127.22341044001391,37.53976294281774,0,0
창동,서울4호선,65.9,127.04790976660455,37.65322782584169,0,0
당정,서울1호선,66.0,126.94833402499175,37.34363747540078,0,0
방화,서울5호선,66.0,126.81281690315659,37.57755849775306,0,0
수리산,서울4호선,66.2,126.92542337203524,37.35015662168507,0,0
도농,경의중앙선,66.4,127.16121817699668,37.60877465682026,0,0
부천,서울1호선,66.5,126.78267629629937,37.48400472407767,0,0
명학,서울1호선,66.5,126.93555966973885,37.38450707867211,0,0
상계,서울4호선,66.6,127.07338094410144,37.66077910400498,0,0
부천종합운동장,서울7호선,66.6,126.79743581627416,37.5054449943336,0,0
개화,서울9호선,66.9,126.79692231473688,37.57833577875135,0,0
오산대,서울1호선,67.0,127.06306431361428,37.16936931558467,0,0
군포,서울1호선,67.0,126.94851268339025,37.354204394944425,0,0
가오리,우이신설경전철,67.3,127.01674656900204,37.64152392471631,0,0
원흥,서울3호선,67.8,126.87313534197118,37.650661143518434,0,0
대곡,GTX_A,67.8,126.81187989448307,37.63138981331919,0,0
안양,서울1호선,68.0,126.9228276011748,37.40152759291793,0,0
장암,서울7호선,68.1,127.05272509154035,37.69981713750088,0,0
계양,공항철도,68.1,126.73634885107874,37.571769643436774,0,0
고촌,김포도시철도,68.2,126.77034081811517,37.60124578327788,0,0
녹천,서울1호선,68.4,127.0514199869842,37.64451934153432,0,0
춘의,서울7호선,68.4,126.78711463368981,37.5037357343269,0,0
중동,서울1호선,69.0,126.76453769855881,37.4867224831341,0,0
4.19민주묘지,우이신설경전철,69.1,127.013687289987,37.649562556182794,0,0
한국항공대,경의중앙선,69.3,126.86822930232013,37.6030519075975,0,0
갈매,경춘선,69.4,127.11464875718657,37.63392789678616,0,0
불암산,서울4호선,69.6,127.07904357419957,37.670202707945386,0,0
대야미,서울4호선,69.7,126.91673328321285,37.32787112862472,0,0
신중동,서울7호선,70.2,126.77680231029922,37.50295602606586,0,0
사리,수인선,70.3,126.85698334917163,37.290304955756895,0,0
양정,경의중앙선,70.4,127.19456704830135,37.60418785940635,0,0
원당,서울3호선,70.8,126.84287194743236,37.65300458680754,0,0
솔밭공원,우이신설경전철,70.8,127.01326985386258,37.65600660531145,0,0
오산,서울1호선,71.0,127.06670713428403,37.144826272446934,0,0
송내,서울1호선,71.0,126.75311484445696,37.4877227038449,0,0
별내,경춘선,71.4,127.12727921321873,37.642199362141014,0,0
도봉,서울1호선,71.4,127.04560064954164,37.67941062802147,0,0
원종,서해선,71.9,126.80482719962039,37.52409157447443,0,0
킨텍스,GTX_A,72.0,126.75093530717345,37.66914728008777,0,0
부천시청,서울7호선,72.1,126.76405955738444,37.5046277377068,0,0
반월,서울4호선,72.2,126.90397634687757,37.31252487179428,0,0
강매,경의중앙선,72.3,126.8445921251066,37.61230043997802,0,0
망월사,서울1호선,72.4,127.04736003754124,37.710274883634774,0,0
풍무,김포도시철도,72.5,126.73241289948646,37.612482730785,0,0
북한산우이,우이신설경전철,72.5,127.01269640478182,37.66296869166583,0,0
방학,서울1호선,72.9,127.04432090971817,37.667526880789865,0,0
부개,서울1호선,73.0,126.74062233824068,37.488559510224306,0,0
덕소,경의중앙선,73.4,127.20900190580423,37.586816651931194,0,0
퇴계원,경춘선,73.4,127.14358285195001,37.64824901663053,0,0
한대앞,수인선,73.6,126.85350263869414,37.3094976062416,0,0
상동(지하),서울7호선,73.8,126.75316485649894,37.5058188076642,0,0
화정,서울3호선,74.3,126.832718472829,37.634599063024275,0,0
행신,경의중앙선,74.3,126.83431676333677,37.61210224285794,0,0
회룡,서울1호선,74.4,127.04726842140686,37.72379105526611,0,0
사우,김포도시철도,74.5,126.71973108688408,37.62037626803394,0,0
소새울,서해선,74.9,126.79712236126383,37.468709790988314,0,0
검암,공항철도,75.1,126.67368078052438,37.56924502685766,0,0
부평,서울1호선,75.5,126.724244649599,37.48947790546712,0,0
삼산체육관,서울7호선,75.6,126.74145722772775,37.50650008965022,0,0
중앙,수인선,75.6,126.83855705066809,37.31580953244216,0,0
운정중앙,GTX_A,75.7,126.72845720374599,37.71622276595849,0,0
상록수,서울4호선,75.7,126.86667974135314,37.30285945416544,0,0
능곡,서해선,75.8,126.82017315331454,37.61891160398485,0,0
별내별가람,서울4호선,76.1,127.11835935152827,37.66881778668515,0,0
귤현,인천1호선,76.1,126.7426695614055,37.56639671533986,0,0
도심,경의중앙선,76.4,127.22287559050048,37.579553222739555,0,0
걸포북변,김포도시철도,76.9,126.70572379136777,37.63169635332964,0,0
굴포천,서울7호선,77.2,126.73134986134868,37.50701940610915,0,0
사릉,경춘선,77.4,127.17689316893548,37.65114399112256,0,0
의정부,서울1호선,77.4,127.04596598630333,37.73839851106466,0,0
고잔,수인선,77.6,126.82313802359579,37.316601588372215,0,0
백운,서울1호선,78.0,126.70692552464301,37.48299691688588,0,0
시흥대야,서해선,78.1,126.79300147213583,37.450124885738,0,0
진위,서울1호선,78.5,127.06253697648984,37.10984600492698,0,0
부평구청,서울7호선,79.1,126.72149607943093,37.507449312980775,0,0
아라,인천1호선,79.1,126.7134610801571,37.59221383686737,0,0
박촌,인천1호선,79.1,126.7451060004568,37.55406809324822,0,0
백석,서울3호선,79.3,126.78799615103276,37.64306023472994,0,0
초지,수인선,79.6,126.80596965155503,37.320402791526625,0,0
가능,서울1호선,79.9,127.04431599515398,37.7483178103927,0,0
청라국제도시,공항철도,80.1,126.62464505549165,37.55648532952862,0,0
신천,서해선,80.3,126.78662490342217,37.4390226021833,0,0
동암,서울1호선,80.5,126.70284451295541,37.47056680373955,0,0
곡산,서해선,80.9,126.80139412367497,37.64578782708321,0,0
운양,김포도시철도,81.0,126.68384356183019,37.65389444858727,0,0
범골,의정부경전철,81.0,127.04367521892087,37.72879492163151,0,0
임학,인천1호선,81.1,126.73856864996466,37.544852534749346,0,0
신검단중앙,인천1호선,81.1,126.69855280764712,37.60248055177962,0,0
발곡,의정부경전철,81.2,127.05294608917171,37.72700398140848,0,0
팔당,경의중앙선,81.4,127.24374195270063,37.54733653800118,0,0
금곡,경춘선,81.4,127.20743574259892,37.63734041702098,0,0
산곡,서울7호선,81.8,126.70353819286909,37.50860477209053,0,0
마두,서울3호선,81.8,126.7775426540306,37.65239742682802,0,0
녹양,서울1호선,81.9,127.04224091561474,37.75924911483714,0,0
송탄,서울1호선,82.5,127.05456040005451,37.07519785845084,0,0
안산,수인선,82.6,126.78871588132898,37.32671081318423,0,0
경전철의정부,의정부경전철,82.6,127.04330653611807,37.73740344279339,0,0
다산,서울8호선,82.9,127.14962858746131,37.624444095240065,0,0
간석,서울1호선,83.0,126.69356900354457,37.464716323179005,0,0
계산,인천1호선,83.1,126.72760395386638,37.543286863154215,0,0
검단호수공원,인천1호선,83.1,126.68836593256836,37.60250684209678,0,0
장기,김포도시철도,83.3,126.66895416557216,37.64407146103788,0,0
백마,서해선,83.4,126.79435739331409,37.657904782863056,0,0
정발산,서울3호선,83.8,126.77339877072514,37.65947397722269,0,0
의정부시청,의정부경전철,84.2,127.03486398201485,37.73926290204951,0,0
부평시장,인천1호선,84.3,126.72229174839819,37.49856707228955,0,0
양주,서울1호선,84.4,127.04469587644334,37.77420098253186,0,0
동수,인천1호선,84.8,126.71805638940498,37.48522482649379,0,0
검바위,인천2호선,84.9,126.67752779099276,37.5612431459511,0,0
주안,서울1호선,85.0,126.6797000747699,37.4651008886979,0,0
신현,서해선,85.0,126.78780310467383,37.40956023351403,0,0
경인교대입구,인천1호선,85.1,126.72266074678517,37.53771565166249,0,0
평내호평,경춘선,85.4,127.24432691076466,37.65319942660397,0,0
흥선,의정부경전철,85.5,127.03711936601714,37.74328973081876,0,0
서정리,서울1호선,85.5,127.05312606328907,37.05688802983992,0,0
석남,서울7호선,85.6,126.67657105237149,37.50622938576725,0,0
독정,인천2호선,85.6,126.67597689172382,37.58491672319505,0,0
신길온천,수인선,85.6,126.76686074735534,37.33753993989089,0,0
풍산,서해선,85.9,126.78589639631913,37.67226905800128,0,0
주엽,서울3호선,86.3,126.76141908136567,37.67009245582665,0,0
오남,서울4호선,86.4,127.19159078784044,37.7054137373435,0,0
운길산,경의중앙선,86.4,127.30995371933042,37.554688184033154,0,0
마산,김포도시철도,86.6,126.6439651680995,37.64064776612532,0,0
갈산,인천1호선,86.6,126.7214954402828,37.51653681232342,0,0
작전,인천1호선,86.6,126.72253518521073,37.53022733160036,0,0
부평삼거리,인천1호선,86.8,126.71032284945542,37.477740942504646,0,0
도화,서울1호선,87.0,126.66814079949802,37.46616043462845,0,0
의정부중앙,의정부경전철,87.2,127.04966080110724,37.74367969940578,0,0
완정,인천2호선,87.3,126.67294794012362,37.593046182371125,0,0
아시아드경기장,인천2호선,87.4,126.67715344747967,37.55202843644741,0,0
영종,공항철도,88.1,126.52458657668389,37.51183723123434,0,0
대화,서울3호선,88.3,126.74751236326142,37.676141864706125,0,0
일산,서해선,88.4,126.76979224170192,37.68171685521288,0,0
동오,의정부경전철,88.6,127.05698192148158,37.745267903092,0,0
정왕,수인선,88.6,126.74316535963786,37.351538459807195,0,0
구래,김포도시철도,88.8,126.62853189571263,37.64537030405077,0,0
간석오거리,인천1호선,88.8,126.70792072130922,37.467085419817316,0,0
제물포,서울1호선,89.0,126.65699535452084,37.46681041751595,0,0
서구청,인천2호선,89.0,126.67684261734425,37.54398102426325,0,0
마전,인천2호선,89.0,126.66716856942418,37.59765913177729,0,0
덕계,서울1호선,89.4,127.05665514541836,37.81872917558783,0,0
천마산,경춘선,89.4,127.28511632007466,37.659209404244606,0,0
양수,경의중앙선,89.4,127.32911818387163,37.54576212350307,0,0
진접,서울4호선,89.6,127.20324084213904,37.71975742879938,0,0
새말,의정부경전철,90.0,127.06379012890208,37.748867606278736,0,0
평택지제,서울1호선,90.0,127.07067593383873,37.01859577766622,0,0
시흥시청,서해선,90.0,126.80587773213608,37.38174292953505,0,0
오이도,수인선,90.6,126.73873910263131,37.36253426650221,0,0
양촌,김포도시철도,90.7,126.61481419659216,37.64174342339215,0,0
도원,서울1호선,91.0,126.64267713207076,37.468515478288595,0,0
시우,서해선,91.2,126.7953316998928,37.31306045513937,0,0
검단사거리,인천2호선,91.2,126.65652943167763,37.60168928630328,0,0
경기도청북부청사,의정부경전철,91.3,127.07161584558919,37.75077876529072,0,0
선부,서해선,91.5,126.8099316618378,37.334393986474616,0,0
주안국가산단,인천2호선,91.7,126.68134286624142,37.474120642777365,0,0
가정,인천2호선,91.8,126.67539548546307,37.52509508945347,0,0
인천시청,인천1호선,91.8,126.70224317163908,37.457548722665294,0,0
시민공원,인천2호선,92.1,126.68135256454076,37.45837139895639,0,0
운서,공항철도,92.1,126.49368716386016,37.49285960419908,0,0
시흥능곡,서해선,92.2,126.80870135802708,37.36996905926629,0,0
탄현,경의중앙선,92.3,126.76103505937259,37.69363151126452,0,0
마석,경춘선,92.4,127.3114675693483,37.652748562591654,0,0
효자,의정부경전철,92.5,127.0772865800619,37.75400383549039,0,0
덕정,서울1호선,92.9,127.06151618764768,37.843143084999575,0,0
동인천,서울1호선,93.0,126.63256802696127,37.47548971928754,0,0
달월,수인선,93.1,126.74546415664179,37.37996977595952,0,0
신원,경의중앙선,93.4,127.37302022570465,37.525587708027956,0,0
원시,서해선,93.5,126.78680150842989,37.30264159179402,0,0
예술회관,인천1호선,93.8,126.70083286265724,37.44836006223112,0,0
왕길,인천2호선,93.9,126.64241503106457,37.595132774772814,0,0
가정중앙시장,인천2호선,93.9,126.67681920637938,37.517585257499476,0,0
석바위시장,인천2호선,93.9,126.69229588881241,37.45767327417982,0,0
곤제,의정부경전철,94.0,127.08384916388835,37.750507185211916,0,0
달미,서해선,94.0,126.80938332276071,37.34882831018429,0,0
가재울,인천2호선,94.0,126.6838654444094,37.48408136361174,0,0
서부여성회관,인천2호선,94.3,126.67586440678384,37.5003237331973,0,0
야당,경의중앙선,94.3,126.76145006800459,37.71257178070268,0,0
평택,서울1호선,94.5,127.08547244873695,36.99069685476815,0,0
인천터미널,인천1호선,95.3,126.69971616471226,37.44190752398227,0,0
어룡,의정부경전철,95.5,127.08522463634152,37.742694724767375,0,0
월곶,수인선,95.6,126.74278454368384,37.39173962241573,0,0
검단오류,인천2호선,95.9,126.62795918387782,37.594959347347164,0,0
인천가좌,인천2호선,96.2,126.67522599094904,37.48982331843308,0,0
운정,경의중앙선,96.3,126.7670572089331,37.72534726603097,0,0
국수,경의중앙선,96.4,127.39955237371107,37.51628796735916,0,0
송산,의정부경전철,96.8,127.08727387829762,37.73727516342422,0,0
문학경기장,인천1호선,96.8,126.69847453781992,37.434759728460506,0,0
인천,서울1호선,97.0,126.61683136156502,37.4762464470056,0,0
공항화물청사,공항철도,97.1,126.47736804363741,37.458986990351015,0,0
석천사거리,인천2호선,97.2,126.71051013524622,37.456792161429625,0,0
소래포구,수인선,97.6,126.7335331014852,37.400984406873945,0,0
탑석,의정부경전철,97.8,127.08891453227693,37.73346749965787,0,0
지행,서울1호선,97.9,127.05582165925695,37.89258267033157,0,0
선학,인천1호선,98.3,126.69895528999022,37.4267530600135,0,0
대성리,경춘선,98.4,127.37956266548495,37.68400171558041,0,0
모래내시장,인천2호선,98.8,126.71948159160158,37.45587247535443,0,0
인천논현,수인선,99.6,126.72252081134845,37.40066783164519,0,0
동두천중앙,서울1호선,99.9,127.05640380227666,37.90166074031781,0,0
인천공항1터미널,공항철도,100.1,126.45270837082361,37.44756949409256,0,0
금릉,경의중앙선,100.3,126.76556891361972,37.751004685070846,0,0
신연수,인천1호선,100.3,126.69402896090298,37.41794013196051,0,0
아신,경의중앙선,100.4,127.4433083968994,37.51395061399029,0,0
만수,인천2호선,100.6,126.73177667950613,37.45497708565143,0,0
호구포,수인선,101.6,126.70867412094057,37.401648378662465,0,0
원인재,인천1호선,101.8,126.68800068052849,37.41245135486674,0,0
성환,서울1호선,102.0,127.12684933602958,36.91608504697748,0,0
금촌,경의중앙선,102.3,126.77470242274411,37.76625898975115,0,0
보산,서울1호선,102.4,127.057218318175,37.9140736733074,0,0
남동구청,인천2호선,103.3,126.7366371412752,37.448175839541726,0,0
남동인더스파크,수인선,103.6,126.69529188478269,37.4077458307954,0,0
동춘,인천1호선,103.8,126.68094727926608,37.40462766193392,0,0
신포,수인선,104.6,126.6246332893909,37.46841703400752,0,0
동두천,서울1호선,104.9,127.05497993288473,37.92740510673755,0,0
청평,경춘선,105.4,127.42657266795638,37.73556491621387,0,0
오빈,경의중앙선,105.4,127.47406289593522,37.506062591392634,0,0
인천대공원,인천2호선,105.8,126.75287710059443,37.4484723842065,0,0
동막,인천1호선,105.8,126.67345641013986,37.397903163655364,0,0
월롱,경의중앙선,106.3,126.79256493996895,37.796168322875694,0,0
직산,서울1호선,106.5,127.14383282186542,36.8709062249679,0,0
인천공항2터미널,공항철도,107.1,126.43357757667609,37.46877657917764,0,0
숭의,수인선,107.1,126.63831480610203,37.4608161096153,0,0
연수,수인선,107.6,126.6789623618131,37.41784553580041,0,0
소요산,서울1호선,107.9,127.0611058067687,37.94872599137954,0,0
캠퍼스타운,인천1호선,108.3,126.66206973618004,37.38833525507561,0,0
운연,인천2호선,108.4,126.75963114762519,37.4396414864273,0,0
파주,경의중앙선,109.3,126.79262412498885,37.815548224795286,0,0
양평_경의중앙,경의중앙선,109.4,127.49185538261199,37.49284707439276,0,0
인하대,수인선,109.6,126.64980694680905,37.44830713131039,0,0
테크노파크,인천1호선,109.8,126.65636551193265,37.38239183572303,0,0
상천,경춘선,110.4,127.45449814826877,37.770183864487656,0,0
두정,서울1호선,111.0,127.14907528294488,36.83365831194813,0,0
송도,수인선,111.1,126.65478796186453,37.42980924402058,0,0
지식정보단지,인천1호선,112.3,126.64588755160727,37.3773986286264,0,0
문산,경의중앙선,113.3,126.78741579791652,37.854743407146564,0,0
청산,서울1호선,113.3,127.07488996787099,37.996208432879165,0,0
인천대입구,인천1호선,113.8,126.63962826411178,37.386058208882694,0,0
원덕,경의중앙선,114.4,127.54656813337826,37.468761749663486,0,0
센트럴파크,인천1호선,115.3,126.63492862366024,37.39288573070748,0,0
천안,서울1호선,115.5,127.14645801229938,36.81034996426337,0,0
가평,경춘선,116.4,127.51071579672427,37.81451827997126,0,0
전곡,서울1호선,116.6,127.07160183753221,38.02490745130371,0,0
국제업무지구,인천1호선,117.3,126.63051457440402,37.39965882841697,0,0
봉명,서울1호선,118.0,127.13603084377957,36.80140608897573,0,0
운천,경의중앙선,118.3,126.76960974448677,37.87993368950526,0,0
송도달빛축제공원,인천1호선,119.3,126.62498214121375,37.408596296988,0,0
용문,경의중앙선,119.4,127.59372331154624,37.481751687742,0,0
굴봉산,경춘선,120.4,127.5577083540378,37.83206081851958,0,0
쌍용,서울1호선,120.5,127.12137305456557,36.79372686814643,0,0
아산,서울1호선,123.0,127.10422227851396,36.79216618825349,0,0
임진강,경의중앙선,123.3,126.74715771990012,37.888240273286165,0,0
지평,경의중앙선,124.4,127.62867651844684,37.477080237150375,0,0
백양리,경춘선,124.4,127.58925292305638,37.830800044775216,0,0
연천,서울1호선,124.6,127.07380278440273,38.10160673211785,0,0
배방,서울1호선,127.5,127.05278144059048,36.77767985938705,0,0
강촌,경춘선,130.4,127.63411561152078,37.805747715676034,0,0
온양온천,서울1호선,132.0,127.00326274191559,36.780533617024794,0,0
김유정,경춘선,136.4,127.71429780500306,37.818477189513516,0,0
신창,서울1호선,137.0,126.95134845478624,36.7696520990626,0,0
남춘천,경춘선,141.4,127.72378823884351,37.86408133891988,0,0
춘천,경춘선,145.4,127.71672039818515,37.88456971142205,0,0
